"---","Type","Text","Sound","Gate","DelayAfter","HintAfter"
"01_Valkommen","Speak","Hej och välkommen till speldemon av HavSkatten.","","","0","0"
"02_Fiskare","Speak","Du är en fiskare som ger dig ut på sjön med din katt Misse.","","","0","0"
"03_Mjau","Sound","","","","0.3","0"
"04_Uppdrag","Speak","Ditt uppdrag är att fiska upp fem fiskar!","","","0","0"
"05_Styra","Speak","Du styr båten med styrkorset till vänster på din kontroll.","","","0","0"
"06_VantaBat","Wait","","","BoatMoved","0.5","20"
"07_Ekolod","Speak","För att hitta ett stim har du ett ekolod. Tryck på A, den nedre handlingsknappen till höger, för att skicka ut en signal. Du kommer att höra ett ping i den riktning där det finns ett stim.","","","0","0"
"08_VantaPing","Wait","Tryck på A för att skicka ut en signal med ekolodet.","","SonarPinged","1.5","20"
"09_Navigera","Speak","Navigera till närmaste stim. När du hör ett bubblande ljud har du nått stimmet och kan börja fiska.","","","0","0"
"10_VantaStim","Wait","Styr mot pinget. När du hör bubblor har du nått stimmet.","","ShoalReached","0.5","25"
"11_Floete","Speak","Tryck på höger bakre knapp för att släppa ned flötet i vattnet.","","","0","0"
"12_Napp","Speak","När du har fått napp låter det så här:","","","0","0"
"13_NappLjud","Sound","","","","0.3","0"
"14_Veva","Speak","Veva då in linan med höger spak.","","","0","0"
"15_VantaVeva","Wait","Tryck på höger bakre knapp för att släppa ned flötet. När du får napp, veva in linan med höger spak.","","FishCaught","0.5","30"
"16_Grattis","Speak","Grattis, du fick upp en fisk!","","","0","0"
